-- phpMyAdmin SQL Dump
-- version 5.2.1
-- https://www.phpmyadmin.net/
--
-- Máy chủ: localhost
-- Thời gian đã tạo: Th4 19, 2024 lúc 10:48 AM
-- Phiên bản máy phục vụ: 10.4.28-MariaDB
-- Phiên bản PHP: 8.0.28

SET SQL_MODE = "NO_AUTO_VALUE_ON_ZERO";
START TRANSACTION;
SET time_zone = "+00:00";


/*!40101 SET @OLD_CHARACTER_SET_CLIENT=@@CHARACTER_SET_CLIENT */;
/*!40101 SET @OLD_CHARACTER_SET_RESULTS=@@CHARACTER_SET_RESULTS */;
/*!40101 SET @OLD_COLLATION_CONNECTION=@@COLLATION_CONNECTION */;
/*!40101 SET NAMES utf8mb4 */;

--
-- Cơ sở dữ liệu: `fashion`
--

-- --------------------------------------------------------

--
-- Cấu trúc bảng cho bảng `Accounts`
--

CREATE TABLE `Accounts` (
  `id` int(11) NOT NULL,
  `name` varchar(255) NOT NULL,
  `phone` int(11) DEFAULT NULL,
  `email` varchar(255) DEFAULT NULL,
  `address` varchar(255) DEFAULT NULL,
  `password` varchar(255) NOT NULL,
  `idPermission` int(11) DEFAULT NULL,
  `idState` int(11) DEFAULT NULL,
  `createdAt` datetime NOT NULL,
  `updatedAt` datetime NOT NULL
) ENGINE=InnoDB DEFAULT CHARSET=utf8mb4 COLLATE=utf8mb4_general_ci;

--
-- Đang đổ dữ liệu cho bảng `Accounts`
--

INSERT INTO `Accounts` (`id`, `name`, `phone`, `email`, `address`, `password`, `idPermission`, `idState`, `createdAt`, `updatedAt`) VALUES
(1, 'Admin', 811111111, 'ngonguyenkey1512@gmail.com', '273 An Dương Vương P3 Q5', '$2a$12$Qu/ToZaxPWntHegdwCrO4eQb5elEGWtscpK/QKj/GXfCKaDM40rY6', 1, 2, '2023-11-25 07:14:05', '2023-12-07 05:26:09'),
(2, 'Bảo', 811111112, 'key43baechu@gmail.com', '273 An Dương Vương P3 Q5', '$2a$12$1tzb6QdmR4beq/fCJJyE8.MyOQa1J4Y5KZkB1LTJSIOR5U/G9jrQa', 2, 2, '2023-11-25 07:17:07', '2023-12-30 05:08:05'),
(3, 'Nguyên', 865673597, 'ngotnnguyen1512@gmail.com', '273 An Dương Vương P3 Q5', '$2a$12$WYFYRkgAJKGyjXiGS2zxeOlh8GkJHPA1l3uBpoHyF2IvVIt0yyynu', 4, 2, '2023-11-25 08:00:38', '2024-04-08 10:27:36'),
(4, 'Kha', 811111113, 'key43baechu@gmail.com', '273 An Dương Vương P3 Q5', '$2a$12$E4HpVnSDvMxUNsjS2Bppu.io4ARamiBKDnr5I2PN8iPsGjtudkc/G', 3, 2, '2023-11-25 10:45:44', '2023-11-28 11:29:02'),
(5, 'Trân', 811111114, 'key43baechu@gmail.com', '273 An Dương Vương P3 Q5', '$2a$12$1J2vYYyrxBdmz8GHaQWwzOpSge5KbEkTUvnzN3KPSfsQrfEoNkYpq', 2, 2, '2023-11-29 03:18:44', '2023-11-29 03:27:41'),
(6, 'Jackson', 811111115, 'key43baechu@gmail.com', '273 An Dương Vương P3 Q5', '$2a$12$kzyiv4MBS5gRGidvW4T8BOwyxjfNTdxYaHROi3s3PI.G3FPOLotya', 3, 2, '2023-11-29 03:27:28', '2023-11-29 03:27:28'),
(7, 'Bảo', 899999999, 'ngotnnguyen1512@gmail.com', '273 An Dương Vương P3 Q5', '$2a$12$fQFDdEMVHukw2rdhFXiWIu2NSNCEEA6Eeb/nN1bPm552xPLaiaeV2', 4, 2, '2023-12-13 08:16:39', '2023-12-13 08:16:39'),
(8, 'Trí', 899999998, 'ngotnnguyen1512@gmail.com', '273 An Dương Vương P3 Q5', '$2a$12$CAi2JYnSkMcy4wtSPpl23OL31M0JuvuLtGq0vrdmkaldh0XzCJOGS', 4, 2, '2023-12-14 03:03:11', '2023-12-14 03:03:11'),
(9, 'Irene', 899999997, 'ngotnnguyen1512@gmail.com', '273 An Dương Vương P3 Q5', '$2a$12$gH1.jhl/QjBf1AAPcOFq4.Smcoqk.pO58TgWUgMH2AnoWBZXn9AYu', 4, 2, '2023-12-27 07:56:33', '2023-12-27 07:56:33'),
(10, 'a', 899999996, 'ngotnnguyen1512@gmail.com', '273 An Dương Vương P3 Q5', '$2a$12$CHHarCMItpXNReq5ime/jeOCbX9./2ebyEIhOKGLTrh.2bDsIkr7S', 4, 2, '2023-12-28 04:20:12', '2023-12-28 04:20:12'),
(11, 'An', 899999995, 'ngotnnguyen1512@gmail.com', 'C17/10 ấp 3 xã Bình Chánh, huyện Bình Chánh', '$2a$12$cJGdULmbjp26VuQI/BIVIuB9.Adh0HItb4F/qMbtudaMzyK1jOVQi', 4, 2, '2023-12-30 06:20:15', '2023-12-30 06:20:15'),
(12, 'Lâm', 811111116, 'key43baechu@gmail.com', 'Hồ Chí Minh', '$2a$12$22oSIBjxXcugdYIVyGRvoOlDX1gLc0EUuk2M5/JfzBdVxrq1m13xi', 2, 2, '2024-03-21 08:05:45', '2024-03-21 08:05:45');

-- --------------------------------------------------------

--
-- Cấu trúc bảng cho bảng `Allocations`
--

CREATE TABLE `Allocations` (
  `id` int(11) NOT NULL,
  `idTransfer` int(11) DEFAULT NULL,
  `name` varchar(255) DEFAULT NULL,
  `createdAt` datetime NOT NULL,
  `updatedAt` datetime NOT NULL
) ENGINE=InnoDB DEFAULT CHARSET=utf8mb4 COLLATE=utf8mb4_general_ci;

--
-- Đang đổ dữ liệu cho bảng `Allocations`
--

INSERT INTO `Allocations` (`id`, `idTransfer`, `name`, `createdAt`, `updatedAt`) VALUES
(1, 3, 'Category', '2023-11-29 06:40:49', '2023-11-29 06:40:49'),
(2, 3, 'Sample', '2023-11-29 06:40:49', '2023-11-29 06:40:49'),
(3, 4, 'Product', '2023-11-29 08:29:53', '2023-11-29 08:29:53'),
(4, 4, 'Color', '2023-11-29 08:29:53', '2023-11-29 08:29:53'),
(5, 4, 'Dimension', '2023-11-29 08:29:53', '2023-11-29 08:29:53'),
(6, 4, 'Image', '2023-11-29 08:29:53', '2023-11-29 08:29:53'),
(7, 4, 'Quantity', '2023-11-29 08:29:53', '2023-11-29 08:29:53'),
(9, 7, 'State', '2023-11-29 08:36:45', '2023-11-29 08:36:45'),
(10, 7, 'Menu', '2023-11-29 08:36:45', '2023-11-29 08:36:45'),
(11, 7, 'Function', '2023-11-29 08:36:45', '2023-11-29 08:36:45'),
(12, 8, 'All', '2023-11-29 08:36:45', '2023-12-28 04:49:25'),
(13, 8, 'Transmission', '2023-11-30 07:35:10', '2023-11-30 07:35:10'),
(14, 8, 'Allocation', '2023-11-30 07:35:10', '2023-11-30 07:35:10'),
(16, 5, 'Completion', '2023-12-13 08:50:36', '2023-12-28 04:52:25'),
(17, 5, 'Processing', '2023-12-13 08:51:03', '2023-12-28 04:52:34');

-- --------------------------------------------------------

--
-- Cấu trúc bảng cho bảng `Categories`
--

CREATE TABLE `Categories` (
  `id` int(11) NOT NULL,
  `image` varchar(255) DEFAULT NULL,
  `name` varchar(255) DEFAULT NULL,
  `createdAt` datetime NOT NULL,
  `updatedAt` datetime NOT NULL
) ENGINE=InnoDB DEFAULT CHARSET=utf8mb4 COLLATE=utf8mb4_general_ci;

--
-- Đang đổ dữ liệu cho bảng `Categories`
--

INSERT INTO `Categories` (`id`, `image`, `name`, `createdAt`, `updatedAt`) VALUES
(1, 'top.png', 'top', '2023-11-25 05:08:15', '2023-11-28 09:54:23'),
(2, 'bottom.png', 'bottom', '2023-11-28 03:45:56', '2023-11-28 03:59:38'),
(3, 'outer.png', 'outer', '2023-11-28 03:48:36', '2023-11-28 03:48:36'),
(4, 'accessories.png', 'accessories', '2023-11-28 03:50:48', '2023-11-28 03:50:48');

-- --------------------------------------------------------

--
-- Cấu trúc bảng cho bảng `Colors`
--

CREATE TABLE `Colors` (
  `id` int(11) NOT NULL,
  `code` varchar(255) NOT NULL,
  `name` varchar(255) DEFAULT NULL,
  `idState` int(11) NOT NULL,
  `createdAt` datetime NOT NULL,
  `updatedAt` datetime NOT NULL
) ENGINE=InnoDB DEFAULT CHARSET=utf8mb4 COLLATE=utf8mb4_general_ci;

--
-- Đang đổ dữ liệu cho bảng `Colors`
--

INSERT INTO `Colors` (`id`, `code`, `name`, `idState`, `createdAt`, `updatedAt`) VALUES
(1, '#000000', 'Black', 2, '2023-11-30 02:33:37', '2023-11-30 02:58:27'),
(2, '#F0F0F0', 'White', 2, '2023-11-30 03:03:24', '2023-11-30 03:03:24'),
(3, '#0000FF', 'Blue', 2, '2023-11-30 03:43:57', '2023-11-30 03:43:57'),
(4, '#808080', 'Gray', 2, '2023-11-30 03:44:34', '2023-11-30 03:44:34'),
(5, '#F5F5DC', 'Cream', 2, '2023-11-30 03:46:28', '2023-11-30 03:46:28'),
(6, '#964B00', 'Brown', 2, '2023-11-30 03:48:16', '2023-11-30 03:48:16'),
(7, '#FFC0CB', 'Pink', 2, '2023-12-08 13:37:15', '2023-12-08 13:37:15'),
(8, '#FF0000', 'Red', 2, '2023-12-16 13:27:30', '2023-12-16 13:27:30'),
(9, '#008000', 'Green', 1, '2024-03-21 08:17:53', '2024-03-21 08:18:17'),
(10, '#FFFF00', 'Yellow', 2, '2024-03-21 08:25:17', '2024-03-21 08:25:17');

-- --------------------------------------------------------

--
-- Cấu trúc bảng cho bảng `Functions`
--

CREATE TABLE `Functions` (
  `id` int(11) NOT NULL,
  `name` varchar(255) DEFAULT NULL,
  `idPermission` int(11) DEFAULT NULL,
  `createdAt` datetime NOT NULL,
  `updatedAt` datetime NOT NULL
) ENGINE=InnoDB DEFAULT CHARSET=utf8mb4 COLLATE=utf8mb4_general_ci;

--
-- Đang đổ dữ liệu cho bảng `Functions`
--

INSERT INTO `Functions` (`id`, `name`, `idPermission`, `createdAt`, `updatedAt`) VALUES
(1, 'Create', 1, '2023-11-27 12:04:18', '2023-11-27 12:04:18'),
(2, 'Create', 2, '2023-11-27 12:05:42', '2023-11-27 12:05:42'),
(3, 'Update', 1, '2023-11-27 12:05:53', '2023-11-27 12:05:53'),
(4, 'Update', 2, '2023-11-27 12:06:00', '2023-11-27 12:06:00'),
(5, 'Delete', 1, '2023-11-30 05:36:09', '2023-11-30 05:36:09');

-- --------------------------------------------------------

--
-- Cấu trúc bảng cho bảng `Images`
--

CREATE TABLE `Images` (
  `id` int(11) NOT NULL,
  `idProduct` int(11) DEFAULT NULL,
  `image1` varchar(255) DEFAULT NULL,
  `image2` varchar(255) DEFAULT NULL,
  `image3` varchar(255) DEFAULT NULL,
  `image4` varchar(255) DEFAULT NULL,
  `idColor` int(11) DEFAULT NULL,
  `createdAt` datetime NOT NULL,
  `updatedAt` datetime NOT NULL
) ENGINE=InnoDB DEFAULT CHARSET=utf8mb4 COLLATE=utf8mb4_general_ci;

--
-- Đang đổ dữ liệu cho bảng `Images`
--

INSERT INTO `Images` (`id`, `idProduct`, `image1`, `image2`, `image3`, `image4`, `idColor`, `createdAt`, `updatedAt`) VALUES
(19, 14, 'segment_raglan_1.png', 'segment_raglan_2.png', 'segment_raglan_3.png', 'segment_raglan_4.png', 1, '2023-12-12 08:15:07', '2023-12-12 08:15:07'),
(20, 15, 'insurelady_1.png', 'insurelady_2.png', 'insurelady_3.png', 'insurelady_4.png', 6, '2023-12-12 08:18:08', '2023-12-12 08:18:08'),
(21, 16, 'cardinals_black_1.png', 'cardinals_black_2.png', 'cardinals_black_3.png', 'cardinals_black_4.png', 1, '2023-12-12 08:29:00', '2023-12-12 08:29:00'),
(22, 16, 'cardinals_cream_1.png', 'cardinals_crean_2.png', 'cardinals_cream_3.png', 'cardinals_cream_4.png', 5, '2023-12-12 08:29:19', '2023-12-12 08:29:19'),
(23, 17, 'joyful_1.png', 'joyful_2.png', 'joyful_3.png', '', 7, '2023-12-16 12:59:37', '2023-12-16 12:59:37'),
(24, 18, 'washpolo_1.png', 'washpolo_2.png', 'washpolo_3.png', 'washpolo_4.png', 4, '2023-12-16 13:01:55', '2023-12-16 13:01:55'),
(25, 19, 'sicklefangblack_1.png', 'sicklefangblack_2.png', 'sicklefangblack_3.png', '', 1, '2023-12-16 13:04:09', '2023-12-16 13:04:09'),
(26, 19, 'sicklefangwhite_1.png', 'sicklefangwhite_2.png', 'sicklefangwhite_3.png', '', 2, '2023-12-16 13:04:38', '2023-12-16 13:04:38'),
(27, 20, 'poinsettias_1.png', 'poinsettias_2.png', 'poinsettias_3.png', 'poinsettias_4.png', 1, '2023-12-16 13:07:44', '2023-12-16 13:07:44'),
(28, 21, 'meadowland_1.png', 'meadowland_2.png', 'meadowland_3.png', 'meadowland_4.png', 5, '2023-12-16 13:09:36', '2023-12-16 13:09:36'),
(29, 22, 'deceitful_1.png', 'deceitful_2.png', 'deceitful_3.png', 'deceitful_4.png', 5, '2023-12-16 13:12:14', '2023-12-16 13:12:14'),
(30, 23, 'tracer_boxy_1.png', 'tracer_boxy_2.png', 'tracer_boxy_3.png', 'tracer_boxy_4.png', 4, '2023-12-16 13:14:57', '2023-12-16 13:14:57'),
(31, 24, 'orditag_boxy_1.png', 'orditag_boxy_2.png', 'orditag_boxy_3.png', '', 1, '2023-12-16 13:17:39', '2023-12-16 13:17:39'),
(32, 25, 'parachute_1.png', 'parachute_2.png', 'parachute_3.png', 'parachute_4.png', 1, '2023-12-16 13:20:02', '2023-12-16 13:20:02'),
(33, 26, 'unfurl_1.png', 'unfurl_2.png', 'unfurl_3.png', 'unfurl_4.png', 1, '2023-12-16 13:21:27', '2023-12-16 13:21:27'),
(34, 27, 'nucleotide_1.png', 'nucleotide_2.png', 'nucleotide_3.png', 'nucleotide_4.png', 4, '2023-12-16 13:23:58', '2023-12-16 13:23:58'),
(35, 28, 'rd_cardigan_1.png', 'rd_cardigan_2.png', 'rd_cardigan_3.png', 'rd_cardigan_4.png', 8, '2023-12-16 13:28:30', '2023-12-16 13:28:30'),
(36, 29, 'ocean_boxy_1.png', 'ocean_boxy_2.png', 'ocean_boxy_3.png', 'ocean_boxy_4.png', 1, '2023-12-16 13:31:19', '2023-12-16 13:31:19'),
(37, 30, 'elysium_1.png', 'elysium_2.png', 'elysium_3.png', 'elysium_4.png', 2, '2023-12-16 13:33:36', '2023-12-16 13:33:36'),
(38, 31, 'counterpart_1.png', 'counterpart_2.png', 'counterpart_3.png', 'counterpart_4.png', 2, '2023-12-16 13:37:52', '2023-12-16 13:37:52'),
(39, 31, 'counterpart_black_1.png', 'counterpart_black_2.png', 'counterpart_black_3.png', 'counterpart_black_4.png', 1, '2023-12-16 13:38:17', '2023-12-16 13:38:17'),
(40, 32, 'lagom_1.png', 'lagom_2.png', 'lagom_3.png', 'lagom_4.png', 1, '2023-12-27 09:14:36', '2023-12-27 09:14:36'),
(41, 33, 'block_1.png', 'block_2.png', 'block_3.png', 'block_4.png', 1, '2023-12-28 04:55:50', '2023-12-28 04:55:50'),
(42, 34, 'shuffling_1.png', 'shuffling_2.png', 'shuffling_3.png', 'shuffling_4.png', 4, '2023-12-28 04:59:28', '2023-12-28 04:59:28'),
(43, 35, 'minute_1.png', 'minute_2.png', 'minute_3.png', 'minute_4.png', 1, '2023-12-28 07:43:15', '2023-12-28 07:43:15'),
(44, 36, 'jersey_1.png', 'jersey_2.png', 'jersey_3.png', 'jersey_4.png', 10, '2024-03-21 08:27:44', '2024-03-21 08:27:44');

-- --------------------------------------------------------

--
-- Cấu trúc bảng cho bảng `InvoiceDetails`
--

CREATE TABLE `InvoiceDetails` (
  `id` int(11) NOT NULL,
  `idInvoice` int(11) DEFAULT NULL,
  `idProduct` int(11) DEFAULT NULL,
  `idSize` int(11) DEFAULT NULL,
  `idColor` int(11) DEFAULT NULL,
  `quantity` int(11) DEFAULT NULL,
  `price` int(11) DEFAULT NULL,
  `discount` int(11) DEFAULT NULL,
  `amount` float DEFAULT NULL,
  `createdAt` datetime NOT NULL,
  `updatedAt` datetime NOT NULL
) ENGINE=InnoDB DEFAULT CHARSET=utf8mb4 COLLATE=utf8mb4_general_ci;

--
-- Đang đổ dữ liệu cho bảng `InvoiceDetails`
--

INSERT INTO `InvoiceDetails` (`id`, `idInvoice`, `idProduct`, `idSize`, `idColor`, `quantity`, `price`, `discount`, `amount`, `createdAt`, `updatedAt`) VALUES
(1, 1, 14, 3, 1, 1, 520000, 0, 520000, '2023-12-13 08:14:56', '2023-12-13 08:14:56'),
(2, 2, 14, 3, 1, 2, 520000, 0, 1940000, '2023-12-13 08:17:12', '2023-12-13 08:17:12'),
(3, 2, 16, 3, 1, 2, 450000, 0, 1940000, '2023-12-13 08:17:12', '2023-12-13 08:17:12'),
(4, 3, 15, 2, 6, 4, 420000, 0, 1680000, '2023-12-13 08:30:52', '2023-12-13 08:30:52'),
(5, 4, 14, 2, 1, 3, 520000, 0, 1560000, '2023-12-14 03:04:25', '2023-12-14 03:04:25'),
(6, 5, 16, 1, 5, 3, 450000, 0, 1350000, '2023-12-16 08:53:19', '2023-12-16 08:53:19'),
(7, 6, 15, 2, 6, 1, 420000, 0, 420000, '2023-12-16 09:00:17', '2023-12-16 09:00:17'),
(8, 7, 15, 2, 6, 1, 420000, 0, 420000, '2023-12-16 10:47:51', '2023-12-16 10:47:51'),
(9, 7, 16, 2, 1, 1, 450000, 0, 450000, '2023-12-16 10:47:51', '2023-12-16 10:47:51'),
(10, 7, 16, 3, 5, 1, 450000, 0, 450000, '2023-12-16 10:47:51', '2023-12-16 10:47:51'),
(11, 8, 15, 3, 6, 2, 420000, 0, 840000, '2023-12-16 10:55:04', '2023-12-16 10:55:04'),
(12, 9, 16, 2, 5, 1, 450000, 0, 970000, '2023-12-16 10:59:17', '2023-12-16 10:59:17'),
(13, 9, 14, 2, 1, 1, 520000, 0, 970000, '2023-12-16 10:59:17', '2023-12-16 10:59:17'),
(14, 10, 15, 3, 6, 1, 420000, 0, 870000, '2023-12-16 11:05:05', '2023-12-16 11:05:05'),
(15, 10, 16, 2, 1, 1, 450000, 0, 870000, '2023-12-16 11:05:05', '2023-12-16 11:05:05'),
(16, 11, 15, 3, 6, 1, 420000, 0, 870000, '2023-12-16 11:05:07', '2023-12-16 11:05:07'),
(17, 11, 16, 2, 1, 1, 450000, 0, 870000, '2023-12-16 11:05:07', '2023-12-16 11:05:07'),
(18, 12, 15, 1, 6, 1, 420000, 0, 420000, '2023-12-16 11:08:23', '2023-12-16 11:08:23'),
(19, 13, 14, 2, 1, 2, 520000, 0, 1040000, '2023-12-16 11:15:32', '2023-12-16 11:15:32'),
(20, 14, 14, 2, 1, 3, 520000, 0, 1560000, '2023-12-16 11:27:17', '2023-12-16 11:27:17'),
(21, 15, 16, 1, 1, 1, 450000, 0, 450000, '2023-12-16 11:47:02', '2023-12-16 11:47:02'),
(23, 17, 16, 1, 1, 1, 450000, 0, 450000, '2023-12-16 11:53:35', '2023-12-16 11:53:35'),
(24, 18, 20, 2, 1, 2, 490000, 0, 1470000, '2023-12-24 02:40:45', '2023-12-24 02:40:45'),
(25, 18, 30, 2, 2, 1, 490000, 0, 1470000, '2023-12-24 02:40:45', '2023-12-24 02:40:45'),
(26, 19, 25, 1, 1, 1, 690000, 0, 2310000, '2023-12-26 07:58:37', '2023-12-26 07:58:37'),
(27, 19, 28, 1, 8, 1, 780000, 0, 2310000, '2023-12-26 07:58:37', '2023-12-26 07:58:37'),
(28, 19, 21, 1, 5, 2, 420000, 0, 2310000, '2023-12-26 07:58:37', '2023-12-26 07:58:37'),
(29, 20, 14, 1, 1, 1, 520000, 0, 3790000, '2023-12-27 07:57:52', '2023-12-27 07:57:52'),
(30, 20, 23, 1, 4, 2, 495000, 0, 3790000, '2023-12-27 07:57:52', '2023-12-27 07:57:52'),
(31, 20, 27, 1, 4, 2, 690000, 0, 3790000, '2023-12-27 07:57:52', '2023-12-27 07:57:52'),
(32, 20, 26, 1, 1, 2, 450000, 0, 3790000, '2023-12-27 07:57:52', '2023-12-27 07:57:52'),
(33, 21, 27, 1, 4, 1, 690000, 0, 1590000, '2023-12-27 07:58:39', '2023-12-27 07:58:39'),
(34, 21, 16, 1, 1, 2, 450000, 0, 1590000, '2023-12-27 07:58:39', '2023-12-27 07:58:39'),
(35, 22, 32, 5, 1, 3, 670000, 6, 3300000, '2023-12-28 04:17:11', '2023-12-28 04:17:11'),
(36, 22, 16, 1, 5, 1, 450000, 0, 3300000, '2023-12-28 04:17:11', '2023-12-28 04:17:11'),
(37, 22, 29, 3, 1, 2, 420000, 0, 3300000, '2023-12-28 04:17:11', '2023-12-28 04:17:11'),
(38, 23, 32, 5, 1, 1, 670000, 6, 3610000, '2023-12-28 04:17:56', '2023-12-28 04:17:56'),
(39, 23, 30, 2, 2, 6, 490000, 0, 3610000, '2023-12-28 04:17:56', '2023-12-28 04:17:56'),
(40, 24, 32, 5, 1, 1, 670000, 6, 2980000, '2023-12-28 04:21:19', '2023-12-28 04:21:19'),
(41, 24, 28, 3, 8, 1, 780000, 0, 2980000, '2023-12-28 04:21:19', '2023-12-28 04:21:19'),
(42, 24, 18, 2, 4, 2, 520000, 0, 2980000, '2023-12-28 04:21:19', '2023-12-28 04:21:19'),
(43, 24, 30, 2, 2, 1, 490000, 0, 2980000, '2023-12-28 04:21:19', '2023-12-28 04:21:19'),
(44, 25, 33, 5, 1, 1, 670000, 19, 670000, '2023-12-28 05:03:53', '2023-12-28 05:03:53'),
(45, 26, 22, 2, 5, 2, 420000, 0, 3040000, '2023-12-29 04:59:12', '2023-12-29 04:59:12'),
(46, 26, 16, 2, 5, 2, 450000, 0, 3040000, '2023-12-29 04:59:12', '2023-12-29 04:59:12'),
(47, 26, 34, 4, 4, 2, 650000, 0, 3040000, '2023-12-29 04:59:12', '2023-12-29 04:59:12'),
(48, 27, 33, 5, 1, 5, 670000, 19, 3350000, '2023-12-29 05:02:45', '2023-12-29 05:02:45'),
(49, 28, 32, 5, 1, 1, 670000, 6, 670000, '2023-12-29 05:27:11', '2023-12-29 05:27:11'),
(50, 29, 19, 2, 2, 1, 420000, 0, 1895000, '2023-12-30 05:02:12', '2023-12-30 05:02:12'),
(51, 29, 23, 1, 4, 1, 495000, 0, 1895000, '2023-12-30 05:02:12', '2023-12-30 05:02:12'),
(52, 29, 20, 1, 1, 2, 490000, 0, 1895000, '2023-12-30 05:02:12', '2023-12-30 05:02:12'),
(53, 30, 33, 5, 1, 1, 670000, 19, 1090000, '2023-12-30 05:04:12', '2023-12-30 05:04:12'),
(54, 30, 19, 1, 2, 1, 420000, 0, 1090000, '2023-12-30 05:04:12', '2023-12-30 05:04:12'),
(55, 31, 25, 3, 1, 2, 690000, 0, 2050000, '2023-12-30 06:19:05', '2023-12-30 06:19:05'),
(56, 31, 32, 5, 1, 1, 670000, 6, 2050000, '2023-12-30 06:19:05', '2023-12-30 06:19:05'),
(57, 32, 14, 3, 1, 2, 520000, 0, 7310000, '2023-12-30 06:21:37', '2023-12-30 06:21:37'),
(58, 32, 30, 1, 2, 2, 490000, 0, 7310000, '2023-12-30 06:21:37', '2023-12-30 06:21:37'),
(59, 32, 33, 5, 1, 2, 670000, 19, 7310000, '2023-12-30 06:21:37', '2023-12-30 06:21:37'),
(60, 32, 18, 1, 4, 2, 520000, 0, 7310000, '2023-12-30 06:21:37', '2023-12-30 06:21:37'),
(61, 32, 28, 1, 8, 2, 780000, 0, 7310000, '2023-12-30 06:21:37', '2023-12-30 06:21:37'),
(62, 32, 26, 2, 1, 3, 450000, 0, 7310000, '2023-12-30 06:21:37', '2023-12-30 06:21:37'),
(63, 33, 34, 4, 4, 1, 650000, 0, 650000, '2024-01-17 02:11:05', '2024-01-17 02:11:05'),
(64, 34, 16, 3, 5, 2, 450000, 0, 2160000, '2024-03-21 08:38:01', '2024-03-21 08:38:01'),
(65, 34, 17, 3, 7, 3, 420000, 0, 2160000, '2024-03-21 08:38:01', '2024-03-21 08:38:01'),
(66, 35, 18, 1, 4, 1, 520000, 45, 1190000, '2024-04-08 10:27:54', '2024-04-08 10:27:54'),
(67, 35, 33, 5, 1, 1, 670000, 19, 1190000, '2024-04-08 10:27:54', '2024-04-08 10:27:54');

-- --------------------------------------------------------

--
-- Cấu trúc bảng cho bảng `Invoices`
--

CREATE TABLE `Invoices` (
  `id` int(11) NOT NULL,
  `idAccount` int(11) NOT NULL,
  `phone` int(11) NOT NULL,
  `address` varchar(255) NOT NULL,
  `ship` int(11) NOT NULL,
  `total` float NOT NULL,
  `idAccept` int(11) DEFAULT NULL,
  `idShip` int(11) DEFAULT NULL,
  `idState` int(11) DEFAULT NULL,
  `createdAt` datetime NOT NULL,
  `updatedAt` datetime NOT NULL
) ENGINE=InnoDB DEFAULT CHARSET=utf8mb4 COLLATE=utf8mb4_general_ci;

--
-- Đang đổ dữ liệu cho bảng `Invoices`
--

INSERT INTO `Invoices` (`id`, `idAccount`, `phone`, `address`, `ship`, `total`, `idAccept`, `idShip`, `idState`, `createdAt`, `updatedAt`) VALUES
(1, 3, 865673597, '273 An Dương Vương P3 Q5', 40000, 560000, 1, 4, 5, '2023-12-13 08:14:56', '2023-12-14 06:37:24'),
(2, 7, 899999999, '273 An Dương Vương P3 Q5', 40000, 1980000, 1, 6, 5, '2023-12-13 08:17:12', '2023-12-14 06:38:47'),
(3, 3, 865673597, '273 An Dương Vương P3 Q5', 40000, 1720000, 1, 0, 6, '2023-12-13 08:30:52', '2023-12-14 02:56:27'),
(4, 8, 899999998, '273 An Dương Vương P3 Q5', 40000, 1600000, 1, 4, 5, '2023-12-14 03:04:25', '2023-12-14 06:37:32'),
(5, 3, 865673597, '273 An Dương Vương P3 Q5', 40000, 1390000, 5, 4, 5, '2023-12-16 08:53:19', '2023-12-16 08:57:48'),
(6, 3, 865673597, '273 An Dương Vương P3 Q5', 40000, 460000, 1, 4, 5, '2023-12-16 09:00:17', '2023-12-16 11:42:02'),
(7, 3, 865673597, '273 An Dương Vương P3 Q5', 40000, 1360000, 1, 4, 5, '2023-12-16 10:47:51', '2023-12-16 11:42:04'),
(8, 7, 899999999, '273 An Dương Vương P3 Q5', 40000, 880000, 1, 6, 5, '2023-12-16 10:55:04', '2023-12-16 11:42:26'),
(9, 7, 899999999, '273 An Dương Vương P3 Q5', 40000, 1010000, 1, 6, 5, '2023-12-16 10:59:17', '2023-12-16 11:42:27'),
(10, 7, 899999999, '273 An Dương Vương P3 Q5', 40000, 910000, 1, 6, 5, '2023-12-16 11:05:05', '2023-12-16 11:42:30'),
(11, 7, 899999999, '273 An Dương Vương P3 Q5', 40000, 910000, 1, 6, 5, '2023-12-16 11:05:07', '2023-12-16 11:42:31'),
(12, 7, 899999999, '273 An Dương Vương P3 Q5', 40000, 460000, 1, 4, 5, '2023-12-16 11:08:23', '2023-12-16 11:42:09'),
(13, 3, 865673597, '273 An Dương Vương P3 Q5', 40000, 1080000, 1, 4, 5, '2023-12-16 11:15:32', '2023-12-16 11:42:10'),
(14, 8, 899999998, '273 An Dương Vương P3 Q5', 40000, 1600000, 1, 4, 5, '2023-12-16 11:27:17', '2023-12-16 11:42:10'),
(15, 3, 865673597, '273 An Dương Vương P3 Q5', 40000, 490000, 1, 0, 6, '2023-12-16 11:47:02', '2023-12-16 11:50:23'),
(17, 3, 865673597, '273 An Dương Vương P3 Q5', 40000, 490000, 1, 0, 6, '2023-12-16 11:53:35', '2023-12-16 11:56:46'),
(18, 3, 865673597, '273 An Dương Vương P3 Q5', 40000, 1510000, 1, 4, 5, '2023-12-24 02:40:45', '2023-12-24 02:44:42'),
(19, 3, 865673597, '273 An Dương Vương P3 Q5', 40000, 2350000, 1, 4, 5, '2023-12-26 07:58:37', '2023-12-26 08:00:33'),
(20, 9, 899999997, '273 An Dương Vương P3 Q5', 40000, 3830000, 2, 6, 5, '2023-12-27 07:57:52', '2023-12-27 08:00:56'),
(21, 8, 899999998, '273 An Dương Vương P3 Q5', 40000, 1630000, 2, 6, 5, '2023-12-27 07:58:39', '2023-12-27 08:00:52'),
(22, 7, 899999999, '273 An Dương Vương P3 Q5', 40000, 3340000, 1, 4, 5, '2023-12-28 04:17:11', '2023-12-28 04:18:50'),
(23, 8, 899999998, '273 An Dương Vương P3 Q5', 40000, 3650000, 1, 4, 5, '2023-12-28 04:17:56', '2023-12-28 04:18:47'),
(24, 10, 899999996, '273 An Dương Vương P3 Q5', 40000, 3020000, 1, 6, 5, '2023-12-28 04:21:19', '2023-12-28 04:23:02'),
(25, 3, 865673597, '273 An Dương Vương P3 Q5', 40000, 710000, 1, 4, 5, '2023-12-28 05:03:53', '2023-12-28 05:04:39'),
(26, 9, 899999997, '273 An Dương Vương P3 Q5', 40000, 3080000, 1, 6, 5, '2023-12-29 04:59:12', '2023-12-29 05:00:21'),
(27, 3, 865673597, '273 An Dương Vương P3 Q5', 40000, 3390000, 1, NULL, 6, '2023-12-29 05:02:45', '2023-12-29 05:09:05'),
(28, 8, 899999998, '273 An Dương Vương P3 Q5', 40000, 710000, 1, 4, 7, '2023-12-29 05:27:11', '2023-12-29 05:33:28'),
(29, 9, 899999997, '273 An Dương Vương P3 Q5', 40000, 1935000, 1, 4, 5, '2023-12-30 05:02:12', '2023-12-30 05:03:06'),
(30, 7, 899999999, '273 An Dương Vương P3 Q5', 40000, 1130000, 1, 4, 5, '2023-12-30 05:04:12', '2023-12-30 05:05:16'),
(31, 9, 899999997, '273 An Dương Vương P3 Q5', 40000, 2090000, 2, 4, 7, '2023-12-30 06:19:04', '2023-12-30 06:24:24'),
(32, 11, 899999995, 'C17/10 ấp 3 xã Bình Chánh, huyện Bình Chánh', 40000, 7350000, 2, 6, 5, '2023-12-30 06:21:36', '2023-12-30 06:24:56'),
(33, 8, 899999998, '273 An Dương Vương P3 Q5', 40000, 690000, 2, 4, 5, '2024-01-17 02:11:05', '2024-01-17 02:14:43'),
(34, 3, 865673597, '273 An Dương Vương P3 Q5', 40000, 2200000, 1, 4, 5, '2024-03-21 08:38:01', '2024-03-21 08:41:48'),
(35, 3, 865673597, '273 An Dương Vương P3 Q5', 40000, 1230000, 1, 4, 5, '2024-04-08 10:27:54', '2024-04-08 10:28:58');

-- --------------------------------------------------------

--
-- Cấu trúc bảng cho bảng `Likes`
--

CREATE TABLE `Likes` (
  `id` int(11) NOT NULL,
  `idAccount` int(11) DEFAULT NULL,
  `idProduct` int(11) DEFAULT NULL,
  `createdAt` datetime NOT NULL,
  `updatedAt` datetime NOT NULL
) ENGINE=InnoDB DEFAULT CHARSET=utf8mb4 COLLATE=utf8mb4_general_ci;

--
-- Đang đổ dữ liệu cho bảng `Likes`
--

INSERT INTO `Likes` (`id`, `idAccount`, `idProduct`, `createdAt`, `updatedAt`) VALUES
(19, 3, 14, '2023-12-13 04:08:26', '2023-12-13 04:08:26'),
(20, 8, 14, '2023-12-16 11:27:09', '2023-12-16 11:27:09'),
(21, 3, 16, '2023-12-16 12:54:12', '2023-12-16 12:54:12'),
(25, 1, 18, '2023-12-21 04:15:16', '2023-12-21 04:15:16'),
(28, 1, 14, '2023-12-21 04:18:50', '2023-12-21 04:18:50'),
(29, 3, 30, '2023-12-24 02:33:15', '2023-12-24 02:33:15'),
(30, 10, 30, '2023-12-28 04:20:57', '2023-12-28 04:20:57'),
(31, 10, 14, '2023-12-28 04:21:03', '2023-12-28 04:21:03'),
(33, 3, 33, '2023-12-28 05:03:39', '2023-12-28 05:03:39'),
(34, 9, 14, '2023-12-30 05:01:42', '2023-12-30 05:01:42'),
(35, 9, 20, '2023-12-30 05:01:49', '2023-12-30 05:01:49'),
(36, 7, 33, '2023-12-30 05:03:51', '2023-12-30 05:03:51'),
(37, 11, 18, '2023-12-30 06:20:57', '2023-12-30 06:20:57'),
(38, 11, 26, '2023-12-30 06:21:18', '2023-12-30 06:21:18'),
(39, 8, 34, '2024-01-17 02:08:56', '2024-01-17 02:08:56'),
(40, 9, 25, '2024-01-18 00:53:40', '2024-01-18 00:53:40'),
(41, 3, 18, '2024-01-20 06:45:57', '2024-01-20 06:45:57'),
(43, 3, 22, '2024-01-20 07:10:41', '2024-01-20 07:10:41');

-- --------------------------------------------------------

--
-- Cấu trúc bảng cho bảng `Menus`
--

CREATE TABLE `Menus` (
  `id` int(11) NOT NULL,
  `url` varchar(255) DEFAULT NULL,
  `name` varchar(255) DEFAULT NULL,
  `idPermission` int(11) DEFAULT NULL,
  `createdAt` datetime NOT NULL,
  `updatedAt` datetime NOT NULL
) ENGINE=InnoDB DEFAULT CHARSET=utf8mb4 COLLATE=utf8mb4_general_ci;

--
-- Đang đổ dữ liệu cho bảng `Menus`
--

INSERT INTO `Menus` (`id`, `url`, `name`, `idPermission`, `createdAt`, `updatedAt`) VALUES
(1, 'webserver', 'WebServer', 1, '2023-11-25 08:25:54', '2023-11-25 08:25:54'),
(2, 'webserver', 'WebServer', 2, '2023-11-25 08:26:04', '2023-11-25 08:26:04'),
(3, 'webserver', 'WebServer', 3, '2023-11-25 08:26:09', '2023-11-25 08:26:09'),
(7, 'personal', 'Personal', 1, '2023-11-25 08:27:24', '2023-11-25 08:27:24'),
(8, 'personal', 'Personal', 2, '2023-11-25 08:27:28', '2023-11-25 08:27:28'),
(9, 'personal', 'Personal', 3, '2023-11-25 08:27:32', '2023-11-25 08:27:32'),
(10, 'personal', 'Personal', 4, '2023-11-25 08:27:35', '2023-11-25 08:27:35');

-- --------------------------------------------------------

--
-- Cấu trúc bảng cho bảng `Permissions`
--

CREATE TABLE `Permissions` (
  `id` int(11) NOT NULL,
  `name` varchar(255) DEFAULT NULL,
  `idState` int(11) DEFAULT NULL,
  `createdAt` datetime NOT NULL,
  `updatedAt` datetime NOT NULL
) ENGINE=InnoDB DEFAULT CHARSET=utf8mb4 COLLATE=utf8mb4_general_ci;

--
-- Đang đổ dữ liệu cho bảng `Permissions`
--

INSERT INTO `Permissions` (`id`, `name`, `idState`, `createdAt`, `updatedAt`) VALUES
(1, 'Admin', 2, '2023-11-25 08:12:43', '2023-12-28 05:07:50'),
(2, 'Staff', 2, '2023-11-25 08:12:43', '2023-11-25 08:12:43'),
(3, 'Shipper', 2, '2023-11-25 08:12:43', '2023-11-25 08:12:43'),
(4, 'Customer', 2, '2023-11-25 08:12:43', '2023-11-25 08:12:43'),
(7, 'abcdsa', 1, '2024-03-21 08:47:19', '2024-03-21 08:47:31');

-- --------------------------------------------------------

--
-- Cấu trúc bảng cho bảng `Products`
--

CREATE TABLE `Products` (
  `id` int(11) NOT NULL,
  `idCategory` int(11) DEFAULT NULL,
  `idSample` int(11) DEFAULT NULL,
  `name` varchar(255) DEFAULT NULL,
  `discount` int(11) DEFAULT NULL,
  `price` int(11) DEFAULT NULL,
  `information` varchar(255) DEFAULT NULL,
  `idState` int(11) DEFAULT NULL,
  `createdAt` datetime NOT NULL,
  `updatedAt` datetime NOT NULL
) ENGINE=InnoDB DEFAULT CHARSET=utf8mb4 COLLATE=utf8mb4_general_ci;

--
-- Đang đổ dữ liệu cho bảng `Products`
--

INSERT INTO `Products` (`id`, `idCategory`, `idSample`, `name`, `discount`, `price`, `information`, `idState`, `createdAt`, `updatedAt`) VALUES
(14, 1, 4, 'Segment Raglan Polo', 0, 520000, 'Tay áo raglan có đường line trắng và khoá kéo zip\nThân áo có các chi tiết rã trước và sau kèm xử lý rách\nVải thoáng mát, đứng form\nChất liệu: Vải chân cua', 2, '2023-12-12 08:14:02', '2023-12-12 08:15:53'),
(15, 1, 1, 'Insurelady Tee', 0, 420000, 'Form basic mới\nHoạ tiết trên áo sử dụng kỹ thuật in kéo lụa\nChất liệu: Cotton 2 chiều', 2, '2023-12-12 08:17:06', '2023-12-12 08:17:06'),
(16, 2, 5, 'Cardinals Shorts', 0, 450000, 'Quần lưng thun\nChất liệu: Vải chân cua', 2, '2023-12-12 08:27:28', '2023-12-12 08:27:28'),
(17, 1, 1, 'Joyfull Tee', 0, 420000, 'Form basic mới\nHoạ tiết trên áo kết hợp giữa kỹ thuật in kéo lụa và thêu \nChất liệu: Cotton 2 chiều', 2, '2023-12-16 12:58:44', '2023-12-16 12:58:44'),
(18, 1, 4, 'Wash Polo', 45, 520000, 'Áo được xử lý wash tạo hiệu ứng bạc màu\nVải thoáng mát, đứng form\nChất liệu: Cotton wash', 2, '2023-12-16 13:00:57', '2023-12-16 13:00:57'),
(19, 1, 1, 'Sickle Fang Tee', 0, 420000, 'Form basic mới\nÁo đen: hoạ tiết mặt trước áo in kéo lụa kèm đính đá\nÁo trắng: hoạ tiết mặt trước áo in kéo lụa kèm chữ thêu\nChất liệu: Cotton 2 chiều', 2, '2023-12-16 13:02:55', '2023-12-16 13:02:55'),
(20, 1, 1, 'Poinsettias Polo', 0, 490000, 'Hoạ tiết in lụa full bản mặt trước áo\nVải thoáng mát, đứng form\nChất liệu: Thun cá sấu', 2, '2023-12-16 13:06:46', '2023-12-16 13:06:46'),
(21, 1, 1, 'Meadownland Tee', 15, 420000, 'Form basic mới\nCác chi tiết trên áo sử dụng kết hợp 2 kỹ thuật in kéo lụa và thêu\nChất liệu: Cotton 2 chiề', 2, '2023-12-16 13:08:43', '2023-12-16 13:08:43'),
(22, 1, 1, 'Deceitful Tee', 0, 420000, 'Form basic mới\nGraphic in kéo full bản ở mặt trước áo\nChất liệu: Cotton 2 chiều', 2, '2023-12-16 13:10:24', '2023-12-16 13:10:24'),
(23, 1, 2, 'Tracer Boxy Shirt', 5, 495000, 'Khóa kéo zip full thân\nCổ áo sơ mi\nThân áo được xử lý bằng kỹ thuật đắp vải layer trên áo kết hợp khoá kéo zip\nFlag label đính cùng túi áo cách điệu\nChất liệu: Kaki', 2, '2023-12-16 13:14:04', '2023-12-16 13:14:04'),
(24, 1, 2, 'Orditag Boxy Shirt', 0, 490000, 'Khóa kéo zip full thân\nCổ áo sơ mi\nCác chi tiết túi và hoạ tiết in lụa ở mặt trước áo\nFlag label đính ở sau cánh tay áo\nChất liệu: Kaki', 2, '2023-12-16 13:16:54', '2023-12-16 13:16:54'),
(25, 2, 3, 'Parachute Pants', 0, 690000, 'Quần ống rộng, cạp quần trễ, độ dài phủ gót\nThiết kế 6 túi cách điệu 3D chạy dọc ống quần\nCác chi tiết dây rút và kim loại tạo điểm nhấn\nChất liệu: Vải dù bóng', 2, '2023-12-16 13:19:16', '2023-12-16 13:19:16'),
(26, 2, 5, 'Unfurl Shorts', 0, 450000, 'Quần lưng thun có dây rút\nHoạ tiết và các đường line được in kéo lụa ở mặt trước và sau quần\nCó hai túi khoá kéo hai bên\nChất liệu: Dù', 2, '2023-12-16 13:20:44', '2023-12-16 13:20:44'),
(27, 2, 3, 'Nucleotide Pants', 0, 690000, 'Lưng chun may ngược có dây rút\nHoạ tiết trên quần in kéo lụa \nQuần có chi tiết ráp nối vải ở mặt trước và mặt sau\nHai bên quần có khoá zip kèm 3 đường line trang trí \nChất liệu: Chân cua', 2, '2023-12-16 13:23:05', '2023-12-16 13:23:05'),
(28, 3, 13, 'RedVelvet Cardigan', 0, 780000, 'Len được dệt tự nhiên\nHai túi áo trước thân áo\nÁo bo tay, cổ, thân màu đen\nChất liệu: Len', 2, '2023-12-16 13:27:12', '2023-12-16 13:27:12'),
(29, 1, 1, 'Ocean Boxy', 0, 420000, 'Form boxy\nGraphic in kéo full bản ở mặt trước và mặt sau áo\nChất liệu: Cotton 2 chiều', 2, '2023-12-16 13:30:32', '2023-12-16 13:30:32'),
(30, 1, 1, 'Elysium Polo', 0, 490000, ' Hoạ tiết được in kéo lụa full bản ở mặt trước áo\nLogo thêu chỉ kim tuyến ở mặt trước áo và thêu nổi ở tay áo\nNameplate nhựa ở mặt sau áo\nVải thoáng mát, đứng form\nChất liệu: Thun cá sấu', 2, '2023-12-16 13:32:48', '2023-12-16 13:32:48'),
(31, 1, 4, 'Counterpart Polo', 0, 450000, 'Chữ phía trước được thêu nổi\nHoạ tiết ở mặt sau áo\nLogo được thêu nổi ở tay áo\nChất liệu: vải cotton cá sấu', 2, '2023-12-16 13:36:29', '2023-12-16 13:36:29'),
(32, 4, 9, 'Lagom Backpack', 6, 670000, 'Thiết kế logo mang phong cách Gothic\nChống thấm nước\nNgăn chứa đồ rộng rãi\nChất liệu: Simili', 2, '2023-12-27 08:43:26', '2023-12-27 09:14:45'),
(33, 4, 9, 'Block Backpack', 19, 670000, 'Chống thấm nước\nNgăn chứa đồ rộng rãi\nChất liệu: Simili', 2, '2023-12-27 08:47:50', '2023-12-28 04:56:08'),
(34, 4, 11, 'Shufling Bag', 0, 650000, 'Túi khoá kéo chắc chắn\nDây đeo điều chỉnh được độ dài\nChi tiết flag label tạo điểm nhấn\nChống thấm nước\nChất liệu: Vải dù gân, có chần bông mềm mại', 2, '2023-12-27 08:55:38', '2023-12-28 07:35:38'),
(35, 4, 11, 'Minute Bag', 30, 380000, 'Dây rút điều chỉnh được độ dài \nNgăn lớn để vừa điện thoại, ví tiền\nNgăn nhỏ có khoá kéo chắc chắn\nChống thấm nước\nChất liệu: Simili', 2, '2023-12-28 07:42:34', '2023-12-28 07:42:34'),
(36, 1, 1, 'Football Jersey', 0, 450000, 'Áo Jersey tay dài thiết kế unisex.', 1, '2024-03-21 08:24:15', '2024-03-21 08:24:15');

-- --------------------------------------------------------

--
-- Cấu trúc bảng cho bảng `Quantities`
--

CREATE TABLE `Quantities` (
  `id` int(11) NOT NULL,
  `idProduct` int(11) DEFAULT NULL,
  `idSize` int(11) DEFAULT NULL,
  `idColor` int(11) DEFAULT NULL,
  `quantity` int(11) DEFAULT NULL,
  `idState` int(11) NOT NULL,
  `createdAt` datetime NOT NULL,
  `updatedAt` datetime NOT NULL
) ENGINE=InnoDB DEFAULT CHARSET=utf8mb4 COLLATE=utf8mb4_general_ci;

--
-- Đang đổ dữ liệu cho bảng `Quantities`
--

INSERT INTO `Quantities` (`id`, `idProduct`, `idSize`, `idColor`, `quantity`, `idState`, `createdAt`, `updatedAt`) VALUES
(49, 14, 1, 1, 29, 2, '2023-12-12 08:14:24', '2023-12-27 08:00:56'),
(50, 14, 2, 1, 21, 2, '2023-12-12 08:14:24', '2023-12-16 11:42:27'),
(51, 14, 3, 1, 25, 2, '2023-12-12 08:14:24', '2023-12-30 06:24:56'),
(52, 15, 1, 6, 19, 2, '2023-12-12 08:17:40', '2023-12-16 11:42:09'),
(53, 15, 2, 6, 18, 2, '2023-12-12 08:17:40', '2023-12-16 11:42:04'),
(54, 15, 3, 6, 16, 2, '2023-12-12 08:17:40', '2023-12-16 11:42:31'),
(55, 16, 1, 1, 18, 2, '2023-12-12 08:27:56', '2023-12-27 08:00:52'),
(56, 16, 2, 1, 17, 2, '2023-12-12 08:27:56', '2023-12-16 11:42:31'),
(57, 16, 3, 1, 18, 2, '2023-12-12 08:27:56', '2023-12-14 06:38:47'),
(58, 16, 1, 5, 16, 2, '2023-12-12 08:28:40', '2023-12-28 04:18:50'),
(59, 16, 2, 5, 17, 2, '2023-12-12 08:28:40', '2023-12-29 05:00:21'),
(60, 16, 3, 5, 17, 2, '2023-12-12 08:28:40', '2024-03-21 08:41:48'),
(61, 17, 1, 7, 20, 2, '2023-12-16 12:59:09', '2023-12-16 12:59:09'),
(62, 17, 2, 7, 20, 2, '2023-12-16 12:59:09', '2023-12-16 12:59:09'),
(63, 17, 3, 7, 17, 2, '2023-12-16 12:59:09', '2024-03-21 08:41:48'),
(64, 18, 1, 4, 17, 2, '2023-12-16 13:01:27', '2024-04-08 10:28:58'),
(65, 18, 2, 4, 18, 2, '2023-12-16 13:01:27', '2023-12-28 04:23:02'),
(66, 18, 3, 4, 20, 2, '2023-12-16 13:01:27', '2023-12-16 13:01:27'),
(67, 19, 1, 1, 20, 2, '2023-12-16 13:03:18', '2023-12-16 13:03:18'),
(68, 19, 2, 1, 20, 2, '2023-12-16 13:03:19', '2023-12-16 13:03:19'),
(69, 19, 3, 1, 20, 2, '2023-12-16 13:03:19', '2023-12-16 13:03:19'),
(70, 19, 1, 2, 9, 2, '2023-12-16 13:03:44', '2023-12-30 05:05:17'),
(71, 19, 3, 2, 10, 2, '2023-12-16 13:03:44', '2023-12-16 13:03:44'),
(72, 19, 2, 2, 9, 2, '2023-12-16 13:03:44', '2023-12-30 05:03:06'),
(73, 20, 1, 1, 28, 2, '2023-12-16 13:07:08', '2023-12-30 05:03:06'),
(74, 20, 2, 1, 28, 2, '2023-12-16 13:07:08', '2023-12-24 02:44:42'),
(75, 20, 3, 1, 30, 2, '2023-12-16 13:07:08', '2023-12-16 13:07:08'),
(76, 21, 1, 5, 18, 2, '2023-12-16 13:09:13', '2023-12-26 08:00:33'),
(77, 21, 3, 5, 20, 2, '2023-12-16 13:09:13', '2023-12-16 13:09:13'),
(78, 21, 2, 5, 20, 2, '2023-12-16 13:09:13', '2023-12-16 13:09:13'),
(79, 22, 1, 5, 20, 2, '2023-12-16 13:10:54', '2023-12-16 13:10:54'),
(80, 22, 2, 5, 18, 2, '2023-12-16 13:10:54', '2023-12-29 05:00:21'),
(81, 22, 3, 5, 20, 2, '2023-12-16 13:10:54', '2023-12-16 13:10:54'),
(82, 23, 1, 4, 27, 2, '2023-12-16 13:14:28', '2023-12-30 05:03:06'),
(83, 23, 2, 4, 30, 2, '2023-12-16 13:14:28', '2023-12-16 13:14:28'),
(84, 23, 3, 4, 30, 2, '2023-12-16 13:14:28', '2023-12-16 13:14:28'),
(85, 24, 1, 1, 30, 2, '2023-12-16 13:17:18', '2023-12-16 13:17:18'),
(86, 24, 3, 1, 30, 2, '2023-12-16 13:17:18', '2023-12-16 13:17:18'),
(87, 24, 2, 1, 30, 2, '2023-12-16 13:17:18', '2023-12-16 13:17:18'),
(88, 25, 1, 1, 19, 2, '2023-12-16 13:19:38', '2023-12-26 08:00:33'),
(89, 25, 2, 1, 20, 2, '2023-12-16 13:19:38', '2023-12-16 13:19:38'),
(90, 25, 3, 1, 20, 2, '2023-12-16 13:19:38', '2023-12-16 13:19:38'),
(91, 26, 1, 1, 18, 2, '2023-12-16 13:21:07', '2023-12-27 08:00:56'),
(92, 26, 2, 1, 17, 2, '2023-12-16 13:21:07', '2023-12-30 06:24:56'),
(93, 26, 3, 1, 20, 2, '2023-12-16 13:21:07', '2023-12-16 13:21:07'),
(94, 27, 1, 4, 27, 2, '2023-12-16 13:23:29', '2023-12-27 08:00:56'),
(95, 27, 2, 4, 30, 2, '2023-12-16 13:23:29', '2023-12-16 13:23:29'),
(96, 27, 3, 4, 30, 2, '2023-12-16 13:23:29', '2023-12-16 13:23:29'),
(97, 28, 1, 8, 17, 2, '2023-12-16 13:27:56', '2023-12-30 06:24:56'),
(98, 28, 2, 8, 20, 2, '2023-12-16 13:27:56', '2023-12-16 13:27:56'),
(99, 28, 3, 8, 19, 2, '2023-12-16 13:27:56', '2023-12-28 04:23:02'),
(100, 29, 1, 1, 20, 2, '2023-12-16 13:30:59', '2023-12-16 13:30:59'),
(101, 29, 2, 1, 20, 2, '2023-12-16 13:30:59', '2023-12-16 13:30:59'),
(102, 29, 3, 1, 18, 2, '2023-12-16 13:30:59', '2023-12-28 04:18:50'),
(103, 30, 1, 2, 28, 2, '2023-12-16 13:33:14', '2023-12-30 06:24:56'),
(104, 30, 2, 2, 22, 2, '2023-12-16 13:33:14', '2023-12-28 04:23:02'),
(105, 30, 3, 2, 30, 2, '2023-12-16 13:33:14', '2023-12-16 13:33:14'),
(106, 31, 1, 2, 20, 2, '2023-12-16 13:36:56', '2023-12-16 13:36:56'),
(107, 31, 2, 2, 20, 2, '2023-12-16 13:36:56', '2023-12-16 13:36:56'),
(108, 31, 3, 2, 20, 2, '2023-12-16 13:36:56', '2023-12-16 13:36:56'),
(109, 31, 1, 1, 30, 2, '2023-12-16 13:37:25', '2023-12-16 13:37:25'),
(110, 31, 2, 1, 30, 2, '2023-12-16 13:37:25', '2023-12-16 13:37:25'),
(111, 31, 3, 1, 30, 2, '2023-12-16 13:37:25', '2023-12-16 13:37:25'),
(112, 32, 5, 1, 25, 2, '2023-12-27 09:17:46', '2023-12-28 04:23:02'),
(113, 33, 5, 1, 25, 2, '2023-12-28 04:55:27', '2024-04-08 10:28:58'),
(114, 34, 4, 4, 27, 1, '2023-12-28 04:58:54', '2024-03-21 08:31:32');

-- --------------------------------------------------------

--
-- Cấu trúc bảng cho bảng `Samples`
--

CREATE TABLE `Samples` (
  `id` int(11) NOT NULL,
  `idCategory` int(11) DEFAULT NULL,
  `name` varchar(255) DEFAULT NULL,
  `idState` int(11) DEFAULT NULL,
  `createdAt` datetime NOT NULL,
  `updatedAt` datetime NOT NULL
) ENGINE=InnoDB DEFAULT CHARSET=utf8mb4 COLLATE=utf8mb4_general_ci;

--
-- Đang đổ dữ liệu cho bảng `Samples`
--

INSERT INTO `Samples` (`id`, `idCategory`, `name`, `idState`, `createdAt`, `updatedAt`) VALUES
(1, 1, 'T-shirt', 2, '2023-11-28 09:14:13', '2023-11-28 09:15:58'),
(2, 1, 'Shirt', 2, '2023-11-28 09:17:16', '2023-11-28 10:12:04'),
(3, 2, 'Pants', 2, '2023-11-28 09:17:31', '2023-11-28 09:50:13'),
(4, 1, 'Polo', 2, '2023-11-28 09:44:05', '2023-11-28 09:44:05'),
(5, 2, 'Shorts', 2, '2023-11-30 03:08:33', '2023-11-30 03:08:33'),
(6, 3, 'Hoodie', 2, '2023-11-30 03:08:57', '2023-11-30 03:08:57'),
(7, 3, 'Hoodie Zip', 2, '2023-11-30 03:09:07', '2023-11-30 03:09:07'),
(8, 3, 'Jacket', 2, '2023-11-30 03:09:17', '2023-11-30 03:09:17'),
(9, 4, 'Bag', 2, '2023-11-30 03:09:34', '2023-11-30 03:09:34'),
(10, 3, 'Sweater', 2, '2023-11-30 03:09:56', '2023-11-30 03:09:56'),
(11, 4, 'Tote', 2, '2023-11-30 03:10:15', '2023-12-28 07:35:03'),
(12, 1, 'Baby Tee', 2, '2023-11-30 03:10:59', '2023-11-30 03:10:59'),
(13, 3, 'Cardigan', 2, '2023-12-16 13:26:29', '2023-12-16 13:26:29'),
(14, 3, 'Gile', 2, '2023-12-16 13:26:42', '2023-12-16 13:26:42'),
(15, 4, 'Cap', 2, '2023-12-28 07:35:13', '2023-12-28 07:35:13'),
(17, 4, 'abcdssaa', 2, '2024-03-21 08:14:14', '2024-03-21 08:14:46');

-- --------------------------------------------------------

--
-- Cấu trúc bảng cho bảng `SequelizeMeta`
--

CREATE TABLE `SequelizeMeta` (
  `name` varchar(255) NOT NULL
) ENGINE=InnoDB DEFAULT CHARSET=utf8 COLLATE=utf8_unicode_ci;

--
-- Đang đổ dữ liệu cho bảng `SequelizeMeta`
--

INSERT INTO `SequelizeMeta` (`name`) VALUES
('create-account.js'),
('create-allocation.js'),
('create-category.js'),
('create-color.js'),
('create-function.js'),
('create-image.js'),
('create-invoice-detail.js'),
('create-invoice.js'),
('create-like.js'),
('create-menu.js'),
('create-permission.js'),
('create-product.js'),
('create-quantity.js'),
('create-sample.js'),
('create-size.js'),
('create-slide.js'),
('create-state.js'),
('create-transfer.js'),
('create-transmission.js');

-- --------------------------------------------------------

--
-- Cấu trúc bảng cho bảng `Sizes`
--

CREATE TABLE `Sizes` (
  `id` int(11) NOT NULL,
  `code` varchar(255) NOT NULL,
  `name` varchar(255) DEFAULT NULL,
  `idState` int(11) NOT NULL,
  `createdAt` datetime NOT NULL,
  `updatedAt` datetime NOT NULL
) ENGINE=InnoDB DEFAULT CHARSET=utf8mb4 COLLATE=utf8mb4_general_ci;

--
-- Đang đổ dữ liệu cho bảng `Sizes`
--

INSERT INTO `Sizes` (`id`, `code`, `name`, `idState`, `createdAt`, `updatedAt`) VALUES
(1, 'S', 'Small', 2, '2023-11-30 02:38:28', '2023-11-30 03:08:01'),
(2, 'M', 'Medium', 2, '2023-11-30 03:07:54', '2023-11-30 03:07:54'),
(3, 'L', 'Large', 2, '2023-11-30 03:48:28', '2023-11-30 03:48:28'),
(4, 'T', 'Tote', 2, '2023-12-27 09:27:54', '2023-12-27 09:27:54'),
(5, 'B', 'Bag', 2, '2023-12-27 09:28:25', '2023-12-27 09:28:25'),
(6, 'C', 'Cap', 2, '2023-12-27 09:29:56', '2023-12-27 09:29:56'),
(7, 'XL', 'Extra Large', 2, '2024-03-21 08:19:43', '2024-03-21 08:19:57');

-- --------------------------------------------------------

--
-- Cấu trúc bảng cho bảng `Slides`
--

CREATE TABLE `Slides` (
  `id` int(11) NOT NULL,
  `image` varchar(255) DEFAULT NULL,
  `name` varchar(255) DEFAULT NULL,
  `idState` int(11) DEFAULT NULL,
  `createdAt` datetime NOT NULL,
  `updatedAt` datetime NOT NULL
) ENGINE=InnoDB DEFAULT CHARSET=utf8mb4 COLLATE=utf8mb4_general_ci;

--
-- Đang đổ dữ liệu cho bảng `Slides`
--

INSERT INTO `Slides` (`id`, `image`, `name`, `idState`, `createdAt`, `updatedAt`) VALUES
(1, 'slideshow_1.png', 'slideshow_1', 1, '2023-11-30 04:03:19', '2023-12-29 04:35:58'),
(2, 'slideshow_3.png', 'slideshow_2', 2, '2023-11-30 04:37:09', '2023-12-29 04:35:27'),
(4, 'slideshow_2.png', 'slideshow_3', 2, '2023-12-29 04:34:01', '2023-12-29 04:35:38');

-- --------------------------------------------------------

--
-- Cấu trúc bảng cho bảng `States`
--

CREATE TABLE `States` (
  `id` int(11) NOT NULL,
  `name` varchar(255) DEFAULT NULL,
  `createdAt` datetime NOT NULL,
  `updatedAt` datetime NOT NULL
) ENGINE=InnoDB DEFAULT CHARSET=utf8mb4 COLLATE=utf8mb4_general_ci;

--
-- Đang đổ dữ liệu cho bảng `States`
--

INSERT INTO `States` (`id`, `name`, `createdAt`, `updatedAt`) VALUES
(1, 'Not activated', '2023-11-25 07:07:23', '2023-11-25 07:08:30'),
(2, 'Activated', '2023-11-25 07:07:57', '2023-11-25 07:07:57'),
(3, 'Wait', '2023-11-28 02:40:20', '2023-11-28 02:40:20'),
(4, 'Delivery', '2023-11-28 02:40:38', '2023-11-28 02:41:50'),
(5, 'Done', '2023-11-28 02:41:07', '2023-11-28 02:41:07'),
(6, 'Cancel', '2023-11-28 02:41:22', '2023-11-28 02:41:22'),
(7, 'Unsuccessful', '2023-12-29 05:17:48', '2023-12-29 05:17:48'),
(9, 'ddabc', '2024-03-21 08:56:48', '2024-03-21 08:57:07');

-- --------------------------------------------------------

--
-- Cấu trúc bảng cho bảng `Transfers`
--

CREATE TABLE `Transfers` (
  `id` int(11) NOT NULL,
  `name` varchar(255) DEFAULT NULL,
  `createdAt` datetime NOT NULL,
  `updatedAt` datetime NOT NULL
) ENGINE=InnoDB DEFAULT CHARSET=utf8mb4 COLLATE=utf8mb4_general_ci;

--
-- Đang đổ dữ liệu cho bảng `Transfers`
--

INSERT INTO `Transfers` (`id`, `name`, `createdAt`, `updatedAt`) VALUES
(1, 'Dashboard', '2023-11-25 09:20:34', '2023-11-25 09:20:34'),
(2, 'Account', '2023-11-25 10:44:18', '2023-11-25 10:44:18'),
(3, 'Type', '2023-11-25 10:44:18', '2023-11-25 10:44:18'),
(4, 'List', '2023-11-25 10:44:18', '2023-11-25 10:44:18'),
(5, 'Invoice', '2023-11-25 10:44:18', '2023-11-25 10:44:18'),
(6, 'Slide', '2023-11-25 10:44:18', '2023-11-25 10:44:18'),
(7, 'Role', '2023-11-25 10:44:18', '2023-11-25 10:44:18'),
(8, 'Transfer', '2023-11-30 07:34:01', '2023-11-30 07:34:01');

-- --------------------------------------------------------

--
-- Cấu trúc bảng cho bảng `Transmissions`
--

CREATE TABLE `Transmissions` (
  `id` int(11) NOT NULL,
  `idTransfer` int(11) DEFAULT NULL,
  `idPermission` int(11) DEFAULT NULL,
  `createdAt` datetime NOT NULL,
  `updatedAt` datetime NOT NULL
) ENGINE=InnoDB DEFAULT CHARSET=utf8mb4 COLLATE=utf8mb4_general_ci;

--
-- Đang đổ dữ liệu cho bảng `Transmissions`
--

INSERT INTO `Transmissions` (`id`, `idTransfer`, `idPermission`, `createdAt`, `updatedAt`) VALUES
(1, 1, 1, '2023-11-29 06:41:20', '2023-11-29 06:41:20'),
(2, 1, 2, '2023-11-29 06:41:20', '2023-11-29 06:41:20'),
(3, 2, 1, '2023-11-29 06:41:20', '2023-11-29 06:41:20'),
(4, 2, 2, '2023-11-29 06:41:20', '2023-11-29 06:41:20'),
(6, 3, 1, '2023-11-29 06:41:20', '2023-11-29 06:41:20'),
(7, 3, 2, '2023-11-29 06:41:20', '2023-11-29 06:41:20'),
(8, 4, 1, '2023-11-29 06:41:20', '2023-11-29 06:41:20'),
(9, 4, 2, '2023-11-29 06:41:20', '2023-11-29 06:41:20'),
(10, 5, 1, '2023-11-29 06:41:20', '2023-11-29 06:41:20'),
(11, 5, 2, '2023-11-29 06:41:20', '2023-11-29 06:41:20'),
(12, 5, 3, '2023-11-29 06:41:20', '2023-11-29 06:41:20'),
(13, 6, 1, '2023-11-29 06:41:20', '2023-11-29 06:41:20'),
(14, 6, 2, '2023-11-29 06:41:20', '2023-11-29 06:41:20'),
(15, 7, 1, '2023-11-29 06:43:49', '2023-11-29 06:43:49'),
(16, 8, 1, '2023-11-30 07:34:28', '2023-11-30 07:34:28');

--
-- Chỉ mục cho các bảng đã đổ
--

--
-- Chỉ mục cho bảng `Accounts`
--
ALTER TABLE `Accounts`
  ADD PRIMARY KEY (`id`),
  ADD KEY `account_state` (`idState`),
  ADD KEY `account_permission` (`idPermission`);

--
-- Chỉ mục cho bảng `Allocations`
--
ALTER TABLE `Allocations`
  ADD PRIMARY KEY (`id`),
  ADD KEY `allocation_transfer` (`idTransfer`);

--
-- Chỉ mục cho bảng `Categories`
--
ALTER TABLE `Categories`
  ADD PRIMARY KEY (`id`);

--
-- Chỉ mục cho bảng `Colors`
--
ALTER TABLE `Colors`
  ADD PRIMARY KEY (`id`),
  ADD KEY `color_state` (`idState`);

--
-- Chỉ mục cho bảng `Functions`
--
ALTER TABLE `Functions`
  ADD PRIMARY KEY (`id`),
  ADD KEY `function_permission` (`idPermission`);

--
-- Chỉ mục cho bảng `Images`
--
ALTER TABLE `Images`
  ADD PRIMARY KEY (`id`),
  ADD KEY `image_color` (`idColor`),
  ADD KEY `image_product` (`idProduct`);

--
-- Chỉ mục cho bảng `InvoiceDetails`
--
ALTER TABLE `InvoiceDetails`
  ADD PRIMARY KEY (`id`),
  ADD KEY `detail_invoice` (`idInvoice`),
  ADD KEY `product_invoicedetail` (`idProduct`);

--
-- Chỉ mục cho bảng `Invoices`
--
ALTER TABLE `Invoices`
  ADD PRIMARY KEY (`id`),
  ADD KEY `invoice_state` (`idState`),
  ADD KEY `invoice_account` (`idAccount`);

--
-- Chỉ mục cho bảng `Likes`
--
ALTER TABLE `Likes`
  ADD PRIMARY KEY (`id`),
  ADD KEY `like_account` (`idAccount`),
  ADD KEY `like_product` (`idProduct`);

--
-- Chỉ mục cho bảng `Menus`
--
ALTER TABLE `Menus`
  ADD PRIMARY KEY (`id`),
  ADD KEY `menu_permission` (`idPermission`);

--
-- Chỉ mục cho bảng `Permissions`
--
ALTER TABLE `Permissions`
  ADD PRIMARY KEY (`id`),
  ADD KEY `permission_state` (`idState`);

--
-- Chỉ mục cho bảng `Products`
--
ALTER TABLE `Products`
  ADD PRIMARY KEY (`id`),
  ADD KEY `product_state` (`idState`),
  ADD KEY `product_sample` (`idSample`),
  ADD KEY `product_category` (`idCategory`);

--
-- Chỉ mục cho bảng `Quantities`
--
ALTER TABLE `Quantities`
  ADD PRIMARY KEY (`id`),
  ADD KEY `quantity_size` (`idSize`),
  ADD KEY `quantity_color` (`idColor`),
  ADD KEY `quantity_product` (`idProduct`),
  ADD KEY `quantity_state` (`idState`);

--
-- Chỉ mục cho bảng `Samples`
--
ALTER TABLE `Samples`
  ADD PRIMARY KEY (`id`),
  ADD KEY `sample_state` (`idState`),
  ADD KEY `sample_category` (`idCategory`);

--
-- Chỉ mục cho bảng `SequelizeMeta`
--
ALTER TABLE `SequelizeMeta`
  ADD PRIMARY KEY (`name`),
  ADD UNIQUE KEY `name` (`name`);

--
-- Chỉ mục cho bảng `Sizes`
--
ALTER TABLE `Sizes`
  ADD PRIMARY KEY (`id`),
  ADD KEY `size_state` (`idState`);

--
-- Chỉ mục cho bảng `Slides`
--
ALTER TABLE `Slides`
  ADD PRIMARY KEY (`id`),
  ADD KEY `slide_state` (`idState`);

--
-- Chỉ mục cho bảng `States`
--
ALTER TABLE `States`
  ADD PRIMARY KEY (`id`);

--
-- Chỉ mục cho bảng `Transfers`
--
ALTER TABLE `Transfers`
  ADD PRIMARY KEY (`id`);

--
-- Chỉ mục cho bảng `Transmissions`
--
ALTER TABLE `Transmissions`
  ADD PRIMARY KEY (`id`),
  ADD KEY `transmission_transfer` (`idTransfer`),
  ADD KEY `transmission_permission` (`idPermission`);

--
-- AUTO_INCREMENT cho các bảng đã đổ
--

--
-- AUTO_INCREMENT cho bảng `Accounts`
--
ALTER TABLE `Accounts`
  MODIFY `id` int(11) NOT NULL AUTO_INCREMENT, AUTO_INCREMENT=13;

--
-- AUTO_INCREMENT cho bảng `Allocations`
--
ALTER TABLE `Allocations`
  MODIFY `id` int(11) NOT NULL AUTO_INCREMENT, AUTO_INCREMENT=19;

--
-- AUTO_INCREMENT cho bảng `Categories`
--
ALTER TABLE `Categories`
  MODIFY `id` int(11) NOT NULL AUTO_INCREMENT, AUTO_INCREMENT=8;

--
-- AUTO_INCREMENT cho bảng `Colors`
--
ALTER TABLE `Colors`
  MODIFY `id` int(11) NOT NULL AUTO_INCREMENT, AUTO_INCREMENT=11;

--
-- AUTO_INCREMENT cho bảng `Functions`
--
ALTER TABLE `Functions`
  MODIFY `id` int(11) NOT NULL AUTO_INCREMENT, AUTO_INCREMENT=8;

--
-- AUTO_INCREMENT cho bảng `Images`
--
ALTER TABLE `Images`
  MODIFY `id` int(11) NOT NULL AUTO_INCREMENT, AUTO_INCREMENT=45;

--
-- AUTO_INCREMENT cho bảng `InvoiceDetails`
--
ALTER TABLE `InvoiceDetails`
  MODIFY `id` int(11) NOT NULL AUTO_INCREMENT, AUTO_INCREMENT=68;

--
-- AUTO_INCREMENT cho bảng `Invoices`
--
ALTER TABLE `Invoices`
  MODIFY `id` int(11) NOT NULL AUTO_INCREMENT, AUTO_INCREMENT=36;

--
-- AUTO_INCREMENT cho bảng `Likes`
--
ALTER TABLE `Likes`
  MODIFY `id` int(11) NOT NULL AUTO_INCREMENT, AUTO_INCREMENT=44;

--
-- AUTO_INCREMENT cho bảng `Menus`
--
ALTER TABLE `Menus`
  MODIFY `id` int(11) NOT NULL AUTO_INCREMENT, AUTO_INCREMENT=13;

--
-- AUTO_INCREMENT cho bảng `Permissions`
--
ALTER TABLE `Permissions`
  MODIFY `id` int(11) NOT NULL AUTO_INCREMENT, AUTO_INCREMENT=8;

--
-- AUTO_INCREMENT cho bảng `Products`
--
ALTER TABLE `Products`
  MODIFY `id` int(11) NOT NULL AUTO_INCREMENT, AUTO_INCREMENT=37;

--
-- AUTO_INCREMENT cho bảng `Quantities`
--
ALTER TABLE `Quantities`
  MODIFY `id` int(11) NOT NULL AUTO_INCREMENT, AUTO_INCREMENT=115;

--
-- AUTO_INCREMENT cho bảng `Samples`
--
ALTER TABLE `Samples`
  MODIFY `id` int(11) NOT NULL AUTO_INCREMENT, AUTO_INCREMENT=18;

--
-- AUTO_INCREMENT cho bảng `Sizes`
--
ALTER TABLE `Sizes`
  MODIFY `id` int(11) NOT NULL AUTO_INCREMENT, AUTO_INCREMENT=8;

--
-- AUTO_INCREMENT cho bảng `Slides`
--
ALTER TABLE `Slides`
  MODIFY `id` int(11) NOT NULL AUTO_INCREMENT, AUTO_INCREMENT=6;

--
-- AUTO_INCREMENT cho bảng `States`
--
ALTER TABLE `States`
  MODIFY `id` int(11) NOT NULL AUTO_INCREMENT, AUTO_INCREMENT=10;

--
-- AUTO_INCREMENT cho bảng `Transfers`
--
ALTER TABLE `Transfers`
  MODIFY `id` int(11) NOT NULL AUTO_INCREMENT, AUTO_INCREMENT=20;

--
-- AUTO_INCREMENT cho bảng `Transmissions`
--
ALTER TABLE `Transmissions`
  MODIFY `id` int(11) NOT NULL AUTO_INCREMENT, AUTO_INCREMENT=19;

--
-- Các ràng buộc cho các bảng đã đổ
--

--
-- Các ràng buộc cho bảng `Accounts`
--
ALTER TABLE `Accounts`
  ADD CONSTRAINT `account_permission` FOREIGN KEY (`idPermission`) REFERENCES `Permissions` (`id`),
  ADD CONSTRAINT `account_state` FOREIGN KEY (`idState`) REFERENCES `States` (`id`);

--
-- Các ràng buộc cho bảng `Allocations`
--
ALTER TABLE `Allocations`
  ADD CONSTRAINT `allocation_transfer` FOREIGN KEY (`idTransfer`) REFERENCES `Transfers` (`id`);

--
-- Các ràng buộc cho bảng `Colors`
--
ALTER TABLE `Colors`
  ADD CONSTRAINT `color_state` FOREIGN KEY (`idState`) REFERENCES `States` (`id`);

--
-- Các ràng buộc cho bảng `Functions`
--
ALTER TABLE `Functions`
  ADD CONSTRAINT `function_permission` FOREIGN KEY (`idPermission`) REFERENCES `Permissions` (`id`);

--
-- Các ràng buộc cho bảng `Images`
--
ALTER TABLE `Images`
  ADD CONSTRAINT `image_color` FOREIGN KEY (`idColor`) REFERENCES `Colors` (`id`),
  ADD CONSTRAINT `image_product` FOREIGN KEY (`idProduct`) REFERENCES `Products` (`id`);

--
-- Các ràng buộc cho bảng `InvoiceDetails`
--
ALTER TABLE `InvoiceDetails`
  ADD CONSTRAINT `detail_invoice` FOREIGN KEY (`idInvoice`) REFERENCES `Invoices` (`id`),
  ADD CONSTRAINT `product_invoicedetail` FOREIGN KEY (`idProduct`) REFERENCES `Products` (`id`);

--
-- Các ràng buộc cho bảng `Invoices`
--
ALTER TABLE `Invoices`
  ADD CONSTRAINT `invoice_account` FOREIGN KEY (`idAccount`) REFERENCES `Accounts` (`id`),
  ADD CONSTRAINT `invoice_state` FOREIGN KEY (`idState`) REFERENCES `States` (`id`);

--
-- Các ràng buộc cho bảng `Likes`
--
ALTER TABLE `Likes`
  ADD CONSTRAINT `like_account` FOREIGN KEY (`idAccount`) REFERENCES `Accounts` (`id`),
  ADD CONSTRAINT `like_product` FOREIGN KEY (`idProduct`) REFERENCES `Products` (`id`);

--
-- Các ràng buộc cho bảng `Menus`
--
ALTER TABLE `Menus`
  ADD CONSTRAINT `menu_permission` FOREIGN KEY (`idPermission`) REFERENCES `Permissions` (`id`);

--
-- Các ràng buộc cho bảng `Permissions`
--
ALTER TABLE `Permissions`
  ADD CONSTRAINT `permission_state` FOREIGN KEY (`idState`) REFERENCES `States` (`id`);

--
-- Các ràng buộc cho bảng `Products`
--
ALTER TABLE `Products`
  ADD CONSTRAINT `product_category` FOREIGN KEY (`idCategory`) REFERENCES `Categories` (`id`),
  ADD CONSTRAINT `product_sample` FOREIGN KEY (`idSample`) REFERENCES `Samples` (`id`),
  ADD CONSTRAINT `product_state` FOREIGN KEY (`idState`) REFERENCES `States` (`id`);

--
-- Các ràng buộc cho bảng `Quantities`
--
ALTER TABLE `Quantities`
  ADD CONSTRAINT `quantity_color` FOREIGN KEY (`idColor`) REFERENCES `Colors` (`id`),
  ADD CONSTRAINT `quantity_product` FOREIGN KEY (`idProduct`) REFERENCES `Products` (`id`),
  ADD CONSTRAINT `quantity_size` FOREIGN KEY (`idSize`) REFERENCES `Sizes` (`id`),
  ADD CONSTRAINT `quantity_state` FOREIGN KEY (`idState`) REFERENCES `States` (`id`);

--
-- Các ràng buộc cho bảng `Samples`
--
ALTER TABLE `Samples`
  ADD CONSTRAINT `sample_category` FOREIGN KEY (`idCategory`) REFERENCES `Categories` (`id`),
  ADD CONSTRAINT `sample_state` FOREIGN KEY (`idState`) REFERENCES `States` (`id`);

--
-- Các ràng buộc cho bảng `Sizes`
--
ALTER TABLE `Sizes`
  ADD CONSTRAINT `size_state` FOREIGN KEY (`idState`) REFERENCES `States` (`id`);

--
-- Các ràng buộc cho bảng `Slides`
--
ALTER TABLE `Slides`
  ADD CONSTRAINT `slide_state` FOREIGN KEY (`idState`) REFERENCES `States` (`id`);

--
-- Các ràng buộc cho bảng `Transmissions`
--
ALTER TABLE `Transmissions`
  ADD CONSTRAINT `transmission_permission` FOREIGN KEY (`idPermission`) REFERENCES `Permissions` (`id`),
  ADD CONSTRAINT `transmission_transfer` FOREIGN KEY (`idTransfer`) REFERENCES `Transfers` (`id`);
COMMIT;

/*!40101 SET CHARACTER_SET_CLIENT=@OLD_CHARACTER_SET_CLIENT */;
/*!40101 SET CHARACTER_SET_RESULTS=@OLD_CHARACTER_SET_RESULTS */;
/*!40101 SET COLLATION_CONNECTION=@OLD_COLLATION_CONNECTION */;
